{
  "selected_GluGluHToMuMuG_M125_MLL-0To60_Dalitz_012j_13TeV_amcatnloFXFX_pythia8_PSWeight_Run2": {
    "n_raw": 122074,
    "n_wgt": 21.598233953802286,
    "variations": {
      "l1_prefiring": {
        "up": 21.671099632951503,
        "down": 21.5213087059387
      },
      "muon_id": {
        "up": 21.499512237099687,
        "down": 21.6972712158746
      },
      "muon_iso": {
        "up": 21.36806833694166,
        "down": 21.829158467596752
      },
      "photon_id": {
        "up": 21.311539014541456,
        "down": 21.884928893063112
      },
      "photon_electron_veto": {
        "up": 21.541126387946893,
        "down": 21.655341519657675
      },
      "pileup": {
        "up": 21.34603825677354,
        "down": 21.828865833416558
      },
      "trigger_sf": {
        "up": 20.993276074468103,
        "down": 21.149610451938667
      },
      "pdf_alpha_s_weight": {
        "up": 22.38735187185532,
        "down": 20.80911603574925
      }
    }
  },
  "selected_Run2": {
    "n_raw": 3809,
    "n_wgt": 3808.0,
    "variations": {
      "l1_prefiring": {
        "up": 3808.0,
        "down": 3808.0
      },
      "muon_id": {
        "up": 3808.0,
        "down": 3808.0
      },
      "muon_iso": {
        "up": 3808.0,
        "down": 3808.0
      },
      "photon_id": {
        "up": 3808.0,
        "down": 3808.0
      },
      "photon_electron_veto": {
        "up": 3808.0,
        "down": 3808.0
      },
      "pileup": {
        "up": 3808.0,
        "down": 3808.0
      },
      "trigger_sf": {
        "up": 3808.0,
        "down": 3808.0
      },
      "pdf_alpha_s_weight": {
        "up": 3808.0,
        "down": 3808.0
      }
    }
  },
  "selected_ZGTo2MuG_MMuMu-2To15_TuneCP5_13TeV-madgraph-pythia8_Run2": {
    "n_raw": 854193,
    "n_wgt": 731.7965767841323,
    "variations": {
      "l1_prefiring": {
        "up": 733.8433609036423,
        "down": 729.4845776125879
      },
      "muon_id": {
        "up": 728.0442097420071,
        "down": 735.5614417194676
      },
      "muon_iso": {
        "up": 721.5451092539317,
        "down": 742.112781326392
      },
      "photon_id": {
        "up": 724.2852300760786,
        "down": 739.3079234921856
      },
      "photon_electron_veto": {
        "up": 729.7009504023047,
        "down": 733.8922031659599
      },
      "pileup": {
        "up": 721.6330686462607,
        "down": 741.6878468764189
      },
      "trigger_sf": {
        "up": 712.0161159959866,
        "down": 715.8100578086211
      },
      "pdf_alpha_s_weight": {
        "up": 731.4137384355606,
        "down": 732.1794151327041
      }
    }
  },
  "selected_ZToUpsilon1SGamma_TuneCP5_13TeV-amcatnloFXFX-pythia8_Run2": {
    "n_raw": 633631,
    "n_wgt": 1.112979295189139,
    "variations": {
      "l1_prefiring": {
        "up": 1.1164646915655687,
        "down": 1.1092054319061466
      },
      "muon_id": {
        "up": 1.1073254577074536,
        "down": 1.1186520444627353
      },
      "muon_iso": {
        "up": 1.0968876713126112,
        "down": 1.1291853840655683
      },
      "photon_id": {
        "up": 1.101579855221628,
        "down": 1.1243787351566499
      },
      "photon_electron_veto": {
        "up": 1.109723127597058,
        "down": 1.1162354627812199
      },
      "pileup": {
        "up": 1.0976416545121481,
        "down": 1.1281837528073155
      },
      "trigger_sf": {
        "up": 1.092465574322225,
        "down": 1.0985620922271029
      },
      "pdf_alpha_s_weight": {
        "up": 1.132356114898105,
        "down": 1.0936024754801734
      }
    }
  },
  "selected_ZToUpsilon2SGamma_TuneCP5_13TeV-amcatnloFXFX-pythia8_Run2": {
    "n_raw": 648886,
    "n_wgt": 0.44182251632194547,
    "variations": {
      "l1_prefiring": {
        "up": 0.44321002282416255,
        "down": 0.44032031559135754
      },
      "muon_id": {
        "up": 0.4395700781472541,
        "down": 0.4440825113459336
      },
      "muon_iso": {
        "up": 0.4354317333341614,
        "down": 0.44825878598692653
      },
      "photon_id": {
        "up": 0.437294828527953,
        "down": 0.4463502041159378
      },
      "photon_electron_veto": {
        "up": 0.4405315306812694,
        "down": 0.44311350196262145
      },
      "pileup": {
        "up": 0.4357993282439545,
        "down": 0.4475692844994562
      },
      "trigger_sf": {
        "up": 0.43386193380345245,
        "down": 0.43633653433462266
      },
      "pdf_alpha_s_weight": {
        "up": 0.44955754973620116,
        "down": 0.43408748290768967
      }
    }
  },
  "selected_ZToUpsilon3SGamma_TuneCP5_13TeV-amcatnloFXFX-pythia8_Run2": {
    "n_raw": 653308,
    "n_wgt": 0.3842426231982327,
    "variations": {
      "l1_prefiring": {
        "up": 0.3854475145244283,
        "down": 0.3829374177480746
      },
      "muon_id": {
        "up": 0.3822836527198531,
        "down": 0.38620816396495206
      },
      "muon_iso": {
        "up": 0.3786856030129864,
        "down": 0.3898390540006903
      },
      "photon_id": {
        "up": 0.38031508000259046,
        "down": 0.3881701663938749
      },
      "photon_electron_veto": {
        "up": 0.38312179997138,
        "down": 0.38536344642508535
      },
      "pileup": {
        "up": 0.3789367430280709,
        "down": 0.38934604596757194
      },
      "trigger_sf": {
        "up": 0.3775392722603343,
        "down": 0.37975694138017696
      },
      "pdf_alpha_s_weight": {
        "up": 0.3909799859201971,
        "down": 0.3775052604762685
      }
    }
  },
  "selected_ggH_HToUps1SG_M125_NNPDF31_TuneCP5_13TeV-powheg-pythia8_Run2": {
    "n_raw": 349400,
    "n_wgt": 0.0004214696403444933,
    "variations": {
      "l1_prefiring": {
        "up": 0.000422937394842207,
        "down": 0.00041993362563999906
      },
      "muon_id": {
        "up": 0.00041953120433368057,
        "down": 0.0004234143851653042
      },
      "muon_iso": {
        "up": 0.000416957965534313,
        "down": 0.0004259973637875736
      },
      "photon_id": {
        "up": 0.0004158829662327876,
        "down": 0.0004270563144561987
      },
      "photon_electron_veto": {
        "up": 0.0004203645998588505,
        "down": 0.0004225746808301358
      },
      "pileup": {
        "up": 0.0004169180444851552,
        "down": 0.0004257732669743798
      },
      "trigger_sf": {
        "up": 0.00040961028543604294,
        "down": 0.0004125440559891409
      },
      "pdf_alpha_s_weight": {
        "up": 0.00043230712261336797,
        "down": 0.0004106321580756183
      }
    }
  },
  "selected_ggH_HToUps2SG_M125_NNPDF31_TuneCP5_13TeV-powheg-pythia8_Run2": {
    "n_raw": 353388,
    "n_wgt": 8.709576494458558e-05,
    "variations": {
      "l1_prefiring": {
        "up": 8.73977593155943e-05,
        "down": 8.677984381206791e-05
      },
      "muon_id": {
        "up": 8.669524318849093e-05,
        "down": 8.749759118146598e-05
      },
      "muon_iso": {
        "up": 8.616596438104677e-05,
        "down": 8.802882925348765e-05
      },
      "photon_id": {
        "up": 8.593917615854907e-05,
        "down": 8.825235373062209e-05
      },
      "photon_electron_veto": {
        "up": 8.686731739402574e-05,
        "down": 8.732421249514541e-05
      },
      "pileup": {
        "up": 8.623348470643865e-05,
        "down": 8.79238221017531e-05
      },
      "trigger_sf": {
        "up": 8.464971936089753e-05,
        "down": 8.525996887198723e-05
      },
      "pdf_alpha_s_weight": {
        "up": 8.933608194875488e-05,
        "down": 8.485544794041626e-05
      }
    }
  },
  "selected_ggH_HToUps3SG_M125_NNPDF31_TuneCP5_13TeV-powheg-pythia8_Run2": {
    "n_raw": 352992,
    "n_wgt": 7.019765720781327e-05,
    "variations": {
      "l1_prefiring": {
        "up": 7.044143043505808e-05,
        "down": 6.994241854720775e-05
      },
      "muon_id": {
        "up": 6.987530685445654e-05,
        "down": 7.052105493372816e-05
      },